Complexity,Loss,Equation
1,0.2535372,"-0.028580733"
2,3.7410354e-16,"sin(x0)"
